schema_version,campaign_id,phase,app_start_id,environment_sha256,schedule_version,schedule_cycle,schedule_row,measured_round,position_in_round,treatment_id,ts,strategy,optimistic_max_attempts,contention,capacity,contenders,slot_id,requests,ok,ko,mean_ms,p95_ms,max_ms,burst_start_epoch_ms,burst_end_epoch_ms,burst_wall_ms,tps,remaining,confirmed,overbooking,duplicates,retry_succeeded,retry_exhausted,version_conflicts,deadlocks,mean_attempts,run_status,error_reason
2,2026-09-25-williams-v2-01,a,2026-09-25-williams-v2-01-phase-a,4472ebb50581d14bf201f2ba73c5b520dcbf5a171169a1e2a2c6ec8d92f2c863,williams-10-v1,1,1,1,1,0,2026-09-25T01:11:31,baseline,5,low,100,120,256,120,6,114,109,138,143,1790266290806,1790266290959,153,784.3,98,6,0,0,0,0,0,0,0.0,ok,
2,2026-09-25-williams-v2-01,a,2026-09-25-williams-v2-01-phase-a,4472ebb50581d14bf201f2ba73c5b520dcbf5a171169a1e2a2c6ec8d92f2c863,williams-10-v1,1,1,1,2,1,2026-09-25T01:11:36,unique,5,low,100,120,257,120,9,111,93,123,126,1790266295673,1790266295812,139,863.3,96,9,0,0,0,0,0,0,0.0,ok,
2,2026-09-25-williams-v2-01,a,2026-09-25-williams-v2-01-phase-a,4472ebb50581d14bf201f2ba73c5b520dcbf5a171169a1e2a2c6ec8d92f2c863,williams-10-v1,1,1,1,3,9,2026-09-25T01:11:41,optimistic,5,extreme,1,200,258,200,200,0,68,100,104,1790266301138,1790266301250,112,1785.7,0,1,0,0,1,0,15,0,1.0,ok,
2,2026-09-25-williams-v2-01,a,2026-09-25-williams-v2-01-phase-a,4472ebb50581d14bf201f2ba73c5b520dcbf5a171169a1e2a2c6ec8d92f2c863,williams-10-v1,1,1,1,4,2,2026-09-25T01:11:46,conditional,5,low,100,120,259,120,120,0,137,223,226,1790266305647,1790266305887,240,500.0,0,100,0,0,0,0,0,0,0.0,ok,
2,2026-09-25-williams-v2-01,a,2026-09-25-williams-v2-01-phase-a,4472ebb50581d14bf201f2ba73c5b520dcbf5a171169a1e2a2c6ec8d92f2c863,williams-10-v1,1,1,1,5,8,2026-09-25T01:11:51,pessimistic,5,extreme,1,200,260,200,200,0,91,134,149,1790266311254,1790266311406,152,1315.8,0,1,0,0,0,0,0,0,0.0,ok,
2,2026-09-25-williams-v2-01,a,2026-09-25-williams-v2-01-phase-a,4472ebb50581d14bf201f2ba73c5b520dcbf5a171169a1e2a2c6ec8d92f2c863,williams-10-v1,1,1,1,6,3,2026-09-25T01:11:57,pessimistic,5,low,100,120,261,120,120,0,160,247,259,1790266316846,1790266317116,270,444.4,0,100,0,0,0,0,0,0,0.0,ok,
2,2026-09-25-williams-v2-01,a,2026-09-25-williams-v2-01-phase-a,4472ebb50581d14bf201f2ba73c5b520dcbf5a171169a1e2a2c6ec8d92f2c863,williams-10-v1,1,1,1,7,7,2026-09-25T01:12:03,conditional,5,extreme,1,200,262,200,200,0,132,187,198,1790266322436,1790266322661,225,888.9,0,1,0,0,0,0,0,0,0.0,ok,
2,2026-09-25-williams-v2-01,a,2026-09-25-williams-v2-01-phase-a,4472ebb50581d14bf201f2ba73c5b520dcbf5a171169a1e2a2c6ec8d92f2c863,williams-10-v1,1,1,1,8,4,2026-09-25T01:12:07,optimistic,5,low,100,120,263,120,13,107,265,321,327,1790266327147,1790266327492,345,347.8,87,13,0,0,13,107,566,0,3.38,ok,
2,2026-09-25-williams-v2-01,a,2026-09-25-williams-v2-01-phase-a,4472ebb50581d14bf201f2ba73c5b520dcbf5a171169a1e2a2c6ec8d92f2c863,williams-10-v1,1,1,1,9,6,2026-09-25T01:12:12,unique,5,extreme,1,200,264,200,190,10,71,109,113,1790266332005,1790266332128,123,1626.0,0,3,2,0,0,0,0,0,0.0,ok,
2,2026-09-25-williams-v2-01,a,2026-09-25-williams-v2-01-phase-a,4472ebb50581d14bf201f2ba73c5b520dcbf5a171169a1e2a2c6ec8d92f2c863,williams-10-v1,1,1,1,10,5,2026-09-25T01:12:17,baseline,5,extreme,1,200,265,200,193,7,69,100,105,1790266336567,1790266336689,122,1639.3,0,3,2,0,0,0,0,0,0.0,ok,
2,2026-09-25-williams-v2-01,a,2026-09-25-williams-v2-01-phase-a,4472ebb50581d14bf201f2ba73c5b520dcbf5a171169a1e2a2c6ec8d92f2c863,williams-10-v1,1,2,2,1,1,2026-09-25T01:12:21,unique,5,low,100,120,266,120,14,106,82,126,136,1790266341279,1790266341423,144,833.3,95,14,0,0,0,0,0,0,0.0,ok,
2,2026-09-25-williams-v2-01,a,2026-09-25-williams-v2-01-phase-a,4472ebb50581d14bf201f2ba73c5b520dcbf5a171169a1e2a2c6ec8d92f2c863,williams-10-v1,1,2,2,2,2,2026-09-25T01:12:27,conditional,5,low,100,120,267,120,120,0,126,193,201,1790266346721,1790266346936,215,558.1,0,100,0,0,0,0,0,0,0.0,ok,
2,2026-09-25-williams-v2-01,a,2026-09-25-williams-v2-01-phase-a,4472ebb50581d14bf201f2ba73c5b520dcbf5a171169a1e2a2c6ec8d92f2c863,williams-10-v1,1,2,2,3,0,2026-09-25T01:12:32,baseline,5,low,100,120,268,120,9,111,81,108,112,1790266351470,1790266351596,126,952.4,96,9,0,0,0,0,0,0,0.0,ok,
2,2026-09-25-williams-v2-01,a,2026-09-25-williams-v2-01-phase-a,4472ebb50581d14bf201f2ba73c5b520dcbf5a171169a1e2a2c6ec8d92f2c863,williams-10-v1,1,2,2,4,3,2026-09-25T01:12:37,pessimistic,5,low,100,120,269,120,120,0,160,238,252,1790266356933,1790266357189,256,468.8,0,100,0,0,0,0,0,0,0.0,ok,
2,2026-09-25-williams-v2-01,a,2026-09-25-williams-v2-01-phase-a,4472ebb50581d14bf201f2ba73c5b520dcbf5a171169a1e2a2c6ec8d92f2c863,williams-10-v1,1,2,2,5,9,2026-09-25T01:12:42,optimistic,5,extreme,1,200,270,200,200,0,70,99,119,1790266361712,1790266361840,128,1562.5,0,1,0,0,1,0,13,0,1.0,ok,
2,2026-09-25-williams-v2-01,a,2026-09-25-williams-v2-01-phase-a,4472ebb50581d14bf201f2ba73c5b520dcbf5a171169a1e2a2c6ec8d92f2c863,williams-10-v1,1,2,2,6,4,2026-09-25T01:12:47,optimistic,5,low,100,120,271,120,10,110,275,340,349,1790266367180,1790266367544,364,329.7,90,10,0,0,10,110,571,0,3.1,ok,
2,2026-09-25-williams-v2-01,a,2026-09-25-williams-v2-01-phase-a,4472ebb50581d14bf201f2ba73c5b520dcbf5a171169a1e2a2c6ec8d92f2c863,williams-10-v1,1,2,2,7,8,2026-09-25T01:12:53,pessimistic,5,extreme,1,200,272,200,200,0,90,128,149,1790266372959,1790266373112,153,1307.2,0,1,0,0,0,0,0,0,0.0,ok,
2,2026-09-25-williams-v2-01,a,2026-09-25-williams-v2-01-phase-a,4472ebb50581d14bf201f2ba73c5b520dcbf5a171169a1e2a2c6ec8d92f2c863,williams-10-v1,1,2,2,8,5,2026-09-25T01:12:58,baseline,5,extreme,1,200,273,200,172,28,88,112,118,1790266378445,1790266378566,121,1652.9,0,3,2,0,0,0,0,0,0.0,ok,
2,2026-09-25-williams-v2-01,a,2026-09-25-williams-v2-01-phase-a,4472ebb50581d14bf201f2ba73c5b520dcbf5a171169a1e2a2c6ec8d92f2c863,williams-10-v1,1,2,2,9,7,2026-09-25T01:13:04,conditional,5,extreme,1,200,274,200,200,0,139,204,223,1790266383948,1790266384190,242,826.4,0,1,0,0,0,0,0,0,0.0,ok,
2,2026-09-25-williams-v2-01,a,2026-09-25-williams-v2-01-phase-a,4472ebb50581d14bf201f2ba73c5b520dcbf5a171169a1e2a2c6ec8d92f2c863,williams-10-v1,1,2,2,10,6,2026-09-25T01:13:10,unique,5,extreme,1,200,275,200,197,3,76,106,115,1790266389557,1790266389678,121,1652.9,0,3,2,0,0,0,0,0,0.0,ok,
2,2026-09-25-williams-v2-01,a,2026-09-25-williams-v2-01-phase-a,4472ebb50581d14bf201f2ba73c5b520dcbf5a171169a1e2a2c6ec8d92f2c863,williams-10-v1,1,3,3,1,2,2026-09-25T01:13:14,conditional,5,low,100,120,276,120,120,0,125,204,211,1790266394235,1790266394456,221,543.0,0,100,0,0,0,0,0,0,0.0,ok,
2,2026-09-25-williams-v2-01,a,2026-09-25-williams-v2-01-phase-a,4472ebb50581d14bf201f2ba73c5b520dcbf5a171169a1e2a2c6ec8d92f2c863,williams-10-v1,1,3,3,2,3,2026-09-25T01:13:19,pessimistic,5,low,100,120,277,120,120,0,152,227,232,1790266398966,1790266399207,241,497.9,0,100,0,0,0,0,0,0,0.0,ok,
2,2026-09-25-williams-v2-01,a,2026-09-25-williams-v2-01-phase-a,4472ebb50581d14bf201f2ba73c5b520dcbf5a171169a1e2a2c6ec8d92f2c863,williams-10-v1,1,3,3,3,1,2026-09-25T01:13:25,unique,5,low,100,120,278,120,11,109,77,119,122,1790266404661,1790266404796,135,888.9,95,11,0,0,0,0,0,0,0.0,ok,
2,2026-09-25-williams-v2-01,a,2026-09-25-williams-v2-01-phase-a,4472ebb50581d14bf201f2ba73c5b520dcbf5a171169a1e2a2c6ec8d92f2c863,williams-10-v1,1,3,3,4,4,2026-09-25T01:13:30,optimistic,5,low,100,120,279,120,10,110,276,329,337,1790266409411,1790266409752,341,351.9,90,10,0,0,10,110,572,0,3.2,ok,
2,2026-09-25-williams-v2-01,a,2026-09-25-williams-v2-01-phase-a,4472ebb50581d14bf201f2ba73c5b520dcbf5a171169a1e2a2c6ec8d92f2c863,williams-10-v1,1,3,3,5,0,2026-09-25T01:13:35,baseline,5,low,100,120,280,120,11,109,85,114,123,1790266415228,1790266415366,138,869.6,95,11,0,0,0,0,0,0,0.0,ok,
2,2026-09-25-williams-v2-01,a,2026-09-25-williams-v2-01-phase-a,4472ebb50581d14bf201f2ba73c5b520dcbf5a171169a1e2a2c6ec8d92f2c863,williams-10-v1,1,3,3,6,5,2026-09-25T01:13:41,baseline,5,extreme,1,200,281,200,191,9,71,110,117,1790266420675,1790266420809,134,1492.5,0,3,2,0,0,0,0,0,0.0,ok,
2,2026-09-25-williams-v2-01,a,2026-09-25-williams-v2-01-phase-a,4472ebb50581d14bf201f2ba73c5b520dcbf5a171169a1e2a2c6ec8d92f2c863,williams-10-v1,1,3,3,7,9,2026-09-25T01:13:45,optimistic,5,extreme,1,200,282,200,200,0,84,108,124,1790266425166,1790266425292,126,1587.3,0,1,0,0,1,0,10,0,1.0,ok,
2,2026-09-25-williams-v2-01,a,2026-09-25-williams-v2-01-phase-a,4472ebb50581d14bf201f2ba73c5b520dcbf5a171169a1e2a2c6ec8d92f2c863,williams-10-v1,1,3,3,8,6,2026-09-25T01:13:50,unique,5,extreme,1,200,283,200,190,10,65,109,120,1790266429749,1790266429880,131,1526.7,0,3,2,0,0,0,0,0,0.0,ok,
2,2026-09-25-williams-v2-01,a,2026-09-25-williams-v2-01-phase-a,4472ebb50581d14bf201f2ba73c5b520dcbf5a171169a1e2a2c6ec8d92f2c863,williams-10-v1,1,3,3,9,8,2026-09-25T01:13:55,pessimistic,5,extreme,1,200,284,200,200,0,88,127,150,1790266435174,1790266435325,151,1324.5,0,1,0,0,0,0,0,0,0.0,ok,
2,2026-09-25-williams-v2-01,a,2026-09-25-williams-v2-01-phase-a,4472ebb50581d14bf201f2ba73c5b520dcbf5a171169a1e2a2c6ec8d92f2c863,williams-10-v1,1,3,3,10,7,2026-09-25T01:14:01,conditional,5,extreme,1,200,285,200,200,0,114,172,186,1790266440600,1790266440802,202,990.1,0,1,0,0,0,0,0,0,0.0,ok,
2,2026-09-25-williams-v2-01,a,2026-09-25-williams-v2-01-phase-a,4472ebb50581d14bf201f2ba73c5b520dcbf5a171169a1e2a2c6ec8d92f2c863,williams-10-v1,1,4,4,1,3,2026-09-25T01:14:05,pessimistic,5,low,100,120,286,120,120,0,147,228,232,1790266445326,1790266445572,246,487.8,0,100,0,0,0,0,0,0,0.0,ok,
2,2026-09-25-williams-v2-01,a,2026-09-25-williams-v2-01-phase-a,4472ebb50581d14bf201f2ba73c5b520dcbf5a171169a1e2a2c6ec8d92f2c863,williams-10-v1,1,4,4,2,4,2026-09-25T01:14:10,optimistic,5,low,100,120,287,120,11,109,276,336,343,1790266450006,1790266450362,356,337.1,89,11,0,0,11,109,571,0,3.36,ok,
2,2026-09-25-williams-v2-01,a,2026-09-25-williams-v2-01-phase-a,4472ebb50581d14bf201f2ba73c5b520dcbf5a171169a1e2a2c6ec8d92f2c863,williams-10-v1,1,4,4,3,2,2026-09-25T01:14:15,conditional,5,low,100,120,288,120,120,0,119,183,198,1790266455044,1790266455246,202,594.1,0,100,0,0,0,0,0,0,0.0,ok,
2,2026-09-25-williams-v2-01,a,2026-09-25-williams-v2-01-phase-a,4472ebb50581d14bf201f2ba73c5b520dcbf5a171169a1e2a2c6ec8d92f2c863,williams-10-v1,1,4,4,4,5,2026-09-25T01:14:20,baseline,5,extreme,1,200,289,200,180,20,70,105,121,1790266459719,1790266459855,136,1470.6,0,3,2,0,0,0,0,0,0.0,ok,
2,2026-09-25-williams-v2-01,a,2026-09-25-williams-v2-01-phase-a,4472ebb50581d14bf201f2ba73c5b520dcbf5a171169a1e2a2c6ec8d92f2c863,williams-10-v1,1,4,4,5,1,2026-09-25T01:14:25,unique,5,low,100,120,290,120,7,113,102,142,148,1790266465382,1790266465536,154,779.2,97,7,0,0,0,0,0,0,0.0,ok,
2,2026-09-25-williams-v2-01,a,2026-09-25-williams-v2-01-phase-a,4472ebb50581d14bf201f2ba73c5b520dcbf5a171169a1e2a2c6ec8d92f2c863,williams-10-v1,1,4,4,6,6,2026-09-25T01:14:31,unique,5,extreme,1,200,291,200,188,12,76,109,113,1790266471039,1790266471167,128,1562.5,0,3,2,0,0,0,0,0,0.0,ok,
2,2026-09-25-williams-v2-01,a,2026-09-25-williams-v2-01-phase-a,4472ebb50581d14bf201f2ba73c5b520dcbf5a171169a1e2a2c6ec8d92f2c863,williams-10-v1,1,4,4,7,0,2026-09-25T01:14:36,baseline,5,low,100,120,292,120,9,111,80,106,113,1790266475715,1790266475830,115,1043.5,96,9,0,0,0,0,0,0,0.0,ok,
2,2026-09-25-williams-v2-01,a,2026-09-25-williams-v2-01-phase-a,4472ebb50581d14bf201f2ba73c5b520dcbf5a171169a1e2a2c6ec8d92f2c863,williams-10-v1,1,4,4,8,7,2026-09-25T01:14:40,conditional,5,extreme,1,200,293,200,200,0,164,233,265,1790266480290,1790266480561,271,738.0,0,1,0,0,0,0,0,0,0.0,ok,
2,2026-09-25-williams-v2-01,a,2026-09-25-williams-v2-01-phase-a,4472ebb50581d14bf201f2ba73c5b520dcbf5a171169a1e2a2c6ec8d92f2c863,williams-10-v1,1,4,4,9,9,2026-09-25T01:14:46,optimistic,5,extreme,1,200,294,200,200,0,70,99,107,1790266485986,1790266486106,120,1666.7,0,1,0,0,1,0,11,0,1.0,ok,
2,2026-09-25-williams-v2-01,a,2026-09-25-williams-v2-01-phase-a,4472ebb50581d14bf201f2ba73c5b520dcbf5a171169a1e2a2c6ec8d92f2c863,williams-10-v1,1,4,4,10,8,2026-09-25T01:14:51,pessimistic,5,extreme,1,200,295,200,200,0,95,138,153,1790266490632,1790266490805,173,1156.1,0,1,0,0,0,0,0,0,0.0,ok,
2,2026-09-25-williams-v2-01,a,2026-09-25-williams-v2-01-phase-a,4472ebb50581d14bf201f2ba73c5b520dcbf5a171169a1e2a2c6ec8d92f2c863,williams-10-v1,1,5,5,1,4,2026-09-25T01:14:56,optimistic,5,low,100,120,296,120,12,108,267,313,323,1790266495271,1790266495616,345,347.8,88,12,0,0,12,108,569,0,3.42,ok,
2,2026-09-25-williams-v2-01,a,2026-09-25-williams-v2-01-phase-a,4472ebb50581d14bf201f2ba73c5b520dcbf5a171169a1e2a2c6ec8d92f2c863,williams-10-v1,1,5,5,2,5,2026-09-25T01:15:00,baseline,5,extreme,1,200,297,200,183,17,80,121,136,1790266500134,1790266500272,138,1449.3,0,2,1,0,0,0,0,0,0.0,ok,
2,2026-09-25-williams-v2-01,a,2026-09-25-williams-v2-01-phase-a,4472ebb50581d14bf201f2ba73c5b520dcbf5a171169a1e2a2c6ec8d92f2c863,williams-10-v1,1,5,5,3,3,2026-09-25T01:15:06,pessimistic,5,low,100,120,298,120,120,0,152,232,247,1790266505582,1790266505836,254,472.4,0,100,0,0,0,0,0,0,0.0,ok,
2,2026-09-25-williams-v2-01,a,2026-09-25-williams-v2-01-phase-a,4472ebb50581d14bf201f2ba73c5b520dcbf5a171169a1e2a2c6ec8d92f2c863,williams-10-v1,1,5,5,4,6,2026-09-25T01:15:11,unique,5,extreme,1,200,299,200,184,16,79,106,120,1790266511161,1790266511284,123,1626.0,0,3,2,0,0,0,0,0,0.0,ok,
2,2026-09-25-williams-v2-01,a,2026-09-25-williams-v2-01-phase-a,4472ebb50581d14bf201f2ba73c5b520dcbf5a171169a1e2a2c6ec8d92f2c863,williams-10-v1,1,5,5,5,2,2026-09-25T01:15:17,conditional,5,low,100,120,300,120,120,0,124,190,196,1790266516598,1790266516806,208,576.9,0,100,0,0,0,0,0,0,0.0,ok,
2,2026-09-25-williams-v2-01,a,2026-09-25-williams-v2-01-phase-a,4472ebb50581d14bf201f2ba73c5b520dcbf5a171169a1e2a2c6ec8d92f2c863,williams-10-v1,1,5,5,6,7,2026-09-25T01:15:22,conditional,5,extreme,1,200,301,200,200,0,117,176,203,1790266521365,1790266521580,215,930.2,0,1,0,0,0,0,0,0,0.0,ok,
2,2026-09-25-williams-v2-01,a,2026-09-25-williams-v2-01-phase-a,4472ebb50581d14bf201f2ba73c5b520dcbf5a171169a1e2a2c6ec8d92f2c863,williams-10-v1,1,5,5,7,1,2026-09-25T01:15:26,unique,5,low,100,120,302,120,8,112,74,99,107,1790266526200,1790266526322,122,983.6,97,8,0,0,0,0,0,0,0.0,ok,
2,2026-09-25-williams-v2-01,a,2026-09-25-williams-v2-01-phase-a,4472ebb50581d14bf201f2ba73c5b520dcbf5a171169a1e2a2c6ec8d92f2c863,williams-10-v1,1,5,5,8,8,2026-09-25T01:15:31,pessimistic,5,extreme,1,200,303,200,200,0,86,124,132,1790266531030,1790266531180,150,1333.3,0,1,0,0,0,0,0,0,0.0,ok,
2,2026-09-25-williams-v2-01,a,2026-09-25-williams-v2-01-phase-a,4472ebb50581d14bf201f2ba73c5b520dcbf5a171169a1e2a2c6ec8d92f2c863,williams-10-v1,1,5,5,9,0,2026-09-25T01:15:37,baseline,5,low,100,120,304,120,9,111,79,105,108,1790266537002,1790266537119,117,1025.6,96,9,0,0,0,0,0,0,0.0,ok,
2,2026-09-25-williams-v2-01,a,2026-09-25-williams-v2-01-phase-a,4472ebb50581d14bf201f2ba73c5b520dcbf5a171169a1e2a2c6ec8d92f2c863,williams-10-v1,1,5,5,10,9,2026-09-25T01:15:42,optimistic,5,extreme,1,200,305,200,200,0,81,117,125,1790266541577,1790266541707,130,1538.5,0,1,0,0,1,0,21,0,1.0,ok,
2,2026-09-25-williams-v2-01,a,2026-09-25-williams-v2-01-phase-a,4472ebb50581d14bf201f2ba73c5b520dcbf5a171169a1e2a2c6ec8d92f2c863,williams-10-v1,1,6,6,1,5,2026-09-25T01:15:46,baseline,5,extreme,1,200,306,200,184,16,87,119,126,1790266546282,1790266546425,143,1398.6,0,2,1,0,0,0,0,0,0.0,ok,
2,2026-09-25-williams-v2-01,a,2026-09-25-williams-v2-01-phase-a,4472ebb50581d14bf201f2ba73c5b520dcbf5a171169a1e2a2c6ec8d92f2c863,williams-10-v1,1,6,6,2,6,2026-09-25T01:15:52,unique,5,extreme,1,200,307,200,192,8,71,112,122,1790266551725,1790266551855,130,1538.5,0,3,2,0,0,0,0,0,0.0,ok,
2,2026-09-25-williams-v2-01,a,2026-09-25-williams-v2-01-phase-a,4472ebb50581d14bf201f2ba73c5b520dcbf5a171169a1e2a2c6ec8d92f2c863,williams-10-v1,1,6,6,3,4,2026-09-25T01:15:57,optimistic,5,low,100,120,308,120,13,107,263,316,326,1790266556493,1790266556830,337,356.1,87,13,0,0,13,107,566,0,3.38,ok,
2,2026-09-25-williams-v2-01,a,2026-09-25-williams-v2-01-phase-a,4472ebb50581d14bf201f2ba73c5b520dcbf5a171169a1e2a2c6ec8d92f2c863,williams-10-v1,1,6,6,4,7,2026-09-25T01:16:02,conditional,5,extreme,1,200,309,200,200,0,109,162,180,1790266562217,1790266562414,197,1015.2,0,1,0,0,0,0,0,0,0.0,ok,
2,2026-09-25-williams-v2-01,a,2026-09-25-williams-v2-01-phase-a,4472ebb50581d14bf201f2ba73c5b520dcbf5a171169a1e2a2c6ec8d92f2c863,williams-10-v1,1,6,6,5,3,2026-09-25T01:16:08,pessimistic,5,low,100,120,310,120,120,0,153,226,239,1790266567791,1790266568037,246,487.8,0,100,0,0,0,0,0,0,0.0,ok,
2,2026-09-25-williams-v2-01,a,2026-09-25-williams-v2-01-phase-a,4472ebb50581d14bf201f2ba73c5b520dcbf5a171169a1e2a2c6ec8d92f2c863,williams-10-v1,1,6,6,6,8,2026-09-25T01:16:13,pessimistic,5,extreme,1,200,311,200,200,0,83,119,132,1790266572664,1790266572817,153,1307.2,0,1,0,0,0,0,0,0,0.0,ok,
2,2026-09-25-williams-v2-01,a,2026-09-25-williams-v2-01-phase-a,4472ebb50581d14bf201f2ba73c5b520dcbf5a171169a1e2a2c6ec8d92f2c863,williams-10-v1,1,6,6,7,2,2026-09-25T01:16:17,conditional,5,low,100,120,312,120,120,0,146,219,234,1790266577278,1790266577535,257,466.9,0,100,0,0,0,0,0,0,0.0,ok,
2,2026-09-25-williams-v2-01,a,2026-09-25-williams-v2-01-phase-a,4472ebb50581d14bf201f2ba73c5b520dcbf5a171169a1e2a2c6ec8d92f2c863,williams-10-v1,1,6,6,8,9,2026-09-25T01:16:22,optimistic,5,extreme,1,200,313,200,200,0,68,100,104,1790266582089,1790266582197,108,1851.9,0,1,0,0,1,0,10,0,1.0,ok,
2,2026-09-25-williams-v2-01,a,2026-09-25-williams-v2-01-phase-a,4472ebb50581d14bf201f2ba73c5b520dcbf5a171169a1e2a2c6ec8d92f2c863,williams-10-v1,1,6,6,9,1,2026-09-25T01:16:28,unique,5,low,100,120,314,120,9,111,88,118,124,1790266587611,1790266587743,132,909.1,96,9,0,0,0,0,0,0,0.0,ok,
2,2026-09-25-williams-v2-01,a,2026-09-25-williams-v2-01-phase-a,4472ebb50581d14bf201f2ba73c5b520dcbf5a171169a1e2a2c6ec8d92f2c863,williams-10-v1,1,6,6,10,0,2026-09-25T01:16:33,baseline,5,low,100,120,315,120,9,111,77,109,112,1790266593144,1790266593265,121,991.7,96,9,0,0,0,0,0,0,0.0,ok,
2,2026-09-25-williams-v2-01,a,2026-09-25-williams-v2-01-phase-a,4472ebb50581d14bf201f2ba73c5b520dcbf5a171169a1e2a2c6ec8d92f2c863,williams-10-v1,1,7,7,1,6,2026-09-25T01:16:38,unique,5,extreme,1,200,316,200,188,12,74,111,119,1790266597902,1790266598028,126,1587.3,0,3,2,0,0,0,0,0,0.0,ok,
2,2026-09-25-williams-v2-01,a,2026-09-25-williams-v2-01-phase-a,4472ebb50581d14bf201f2ba73c5b520dcbf5a171169a1e2a2c6ec8d92f2c863,williams-10-v1,1,7,7,2,7,2026-09-25T01:16:44,conditional,5,extreme,1,200,317,200,200,0,116,178,195,1790266603462,1790266603673,211,947.9,0,1,0,0,0,0,0,0,0.0,ok,
2,2026-09-25-williams-v2-01,a,2026-09-25-williams-v2-01-phase-a,4472ebb50581d14bf201f2ba73c5b520dcbf5a171169a1e2a2c6ec8d92f2c863,williams-10-v1,1,7,7,3,5,2026-09-25T01:16:49,baseline,5,extreme,1,200,318,200,192,8,75,112,122,1790266609149,1790266609292,143,1398.6,0,3,2,0,0,0,0,0,0.0,ok,
2,2026-09-25-williams-v2-01,a,2026-09-25-williams-v2-01-phase-a,4472ebb50581d14bf201f2ba73c5b520dcbf5a171169a1e2a2c6ec8d92f2c863,williams-10-v1,1,7,7,4,8,2026-09-25T01:16:54,pessimistic,5,extreme,1,200,319,200,200,0,86,130,136,1790266613944,1790266614095,151,1324.5,0,1,0,0,0,0,0,0,0.0,ok,
2,2026-09-25-williams-v2-01,a,2026-09-25-williams-v2-01-phase-a,4472ebb50581d14bf201f2ba73c5b520dcbf5a171169a1e2a2c6ec8d92f2c863,williams-10-v1,1,7,7,5,4,2026-09-25T01:17:00,optimistic,5,low,100,120,320,120,12,108,260,310,327,1790266619531,1790266619864,333,360.4,88,12,0,0,12,108,567,0,3.25,ok,
2,2026-09-25-williams-v2-01,a,2026-09-25-williams-v2-01-phase-a,4472ebb50581d14bf201f2ba73c5b520dcbf5a171169a1e2a2c6ec8d92f2c863,williams-10-v1,1,7,7,6,9,2026-09-25T01:17:05,optimistic,5,extreme,1,200,321,200,200,0,67,95,107,1790266624559,1790266624670,111,1801.8,0,1,0,0,1,0,5,0,1.0,ok,
2,2026-09-25-williams-v2-01,a,2026-09-25-williams-v2-01-phase-a,4472ebb50581d14bf201f2ba73c5b520dcbf5a171169a1e2a2c6ec8d92f2c863,williams-10-v1,1,7,7,7,3,2026-09-25T01:17:09,pessimistic,5,low,100,120,322,120,120,0,144,228,240,1790266629183,1790266629425,242,495.9,0,100,0,0,0,0,0,0,0.0,ok,
2,2026-09-25-williams-v2-01,a,2026-09-25-williams-v2-01-phase-a,4472ebb50581d14bf201f2ba73c5b520dcbf5a171169a1e2a2c6ec8d92f2c863,williams-10-v1,1,7,7,8,0,2026-09-25T01:17:14,baseline,5,low,100,120,323,120,5,115,96,118,121,1790266634030,1790266634159,129,930.2,98,5,0,0,0,0,0,0,0.0,ok,
2,2026-09-25-williams-v2-01,a,2026-09-25-williams-v2-01-phase-a,4472ebb50581d14bf201f2ba73c5b520dcbf5a171169a1e2a2c6ec8d92f2c863,williams-10-v1,1,7,7,9,2,2026-09-25T01:17:20,conditional,5,low,100,120,324,120,120,0,120,182,187,1790266639670,1790266639875,205,585.4,0,100,0,0,0,0,0,0,0.0,ok,
2,2026-09-25-williams-v2-01,a,2026-09-25-williams-v2-01-phase-a,4472ebb50581d14bf201f2ba73c5b520dcbf5a171169a1e2a2c6ec8d92f2c863,williams-10-v1,1,7,7,10,1,2026-09-25T01:17:25,unique,5,low,100,120,325,120,8,112,80,114,124,1790266645328,1790266645453,125,960.0,96,8,0,0,0,0,0,0,0.0,ok,
2,2026-09-25-williams-v2-01,a,2026-09-25-williams-v2-01-phase-a,4472ebb50581d14bf201f2ba73c5b520dcbf5a171169a1e2a2c6ec8d92f2c863,williams-10-v1,1,8,8,1,7,2026-09-25T01:17:30,conditional,5,extreme,1,200,326,200,200,0,116,174,193,1790266649943,1790266650150,207,966.2,0,1,0,0,0,0,0,0,0.0,ok,
2,2026-09-25-williams-v2-01,a,2026-09-25-williams-v2-01-phase-a,4472ebb50581d14bf201f2ba73c5b520dcbf5a171169a1e2a2c6ec8d92f2c863,williams-10-v1,1,8,8,2,8,2026-09-25T01:17:36,pessimistic,5,extreme,1,200,327,200,200,0,91,136,151,1790266655534,1790266655691,157,1273.9,0,1,0,0,0,0,0,0,0.0,ok,
2,2026-09-25-williams-v2-01,a,2026-09-25-williams-v2-01-phase-a,4472ebb50581d14bf201f2ba73c5b520dcbf5a171169a1e2a2c6ec8d92f2c863,williams-10-v1,1,8,8,3,6,2026-09-25T01:17:41,unique,5,extreme,1,200,328,200,195,5,74,105,111,1790266661101,1790266661219,118,1694.9,0,3,2,0,0,0,0,0,0.0,ok,
2,2026-09-25-williams-v2-01,a,2026-09-25-williams-v2-01-phase-a,4472ebb50581d14bf201f2ba73c5b520dcbf5a171169a1e2a2c6ec8d92f2c863,williams-10-v1,1,8,8,4,9,2026-09-25T01:17:46,optimistic,5,extreme,1,200,329,200,200,0,71,99,104,1790266665854,1790266665966,112,1785.7,0,1,0,0,1,0,6,0,1.0,ok,
2,2026-09-25-williams-v2-01,a,2026-09-25-williams-v2-01-phase-a,4472ebb50581d14bf201f2ba73c5b520dcbf5a171169a1e2a2c6ec8d92f2c863,williams-10-v1,1,8,8,5,5,2026-09-25T01:17:51,baseline,5,extreme,1,200,330,200,193,7,66,106,117,1790266671296,1790266671430,134,1492.5,0,2,1,0,0,0,0,0,0.0,ok,
2,2026-09-25-williams-v2-01,a,2026-09-25-williams-v2-01-phase-a,4472ebb50581d14bf201f2ba73c5b520dcbf5a171169a1e2a2c6ec8d92f2c863,williams-10-v1,1,8,8,6,0,2026-09-25T01:17:56,baseline,5,low,100,120,331,120,5,115,86,97,102,1790266676020,1790266676129,109,1100.9,97,5,0,0,0,0,0,0,0.0,ok,
2,2026-09-25-williams-v2-01,a,2026-09-25-williams-v2-01-phase-a,4472ebb50581d14bf201f2ba73c5b520dcbf5a171169a1e2a2c6ec8d92f2c863,williams-10-v1,1,8,8,7,4,2026-09-25T01:18:02,optimistic,5,low,100,120,332,120,12,108,267,315,332,1790266681561,1790266681906,345,347.8,88,12,0,0,12,108,568,0,3.33,ok,
2,2026-09-25-williams-v2-01,a,2026-09-25-williams-v2-01-phase-a,4472ebb50581d14bf201f2ba73c5b520dcbf5a171169a1e2a2c6ec8d92f2c863,williams-10-v1,1,8,8,8,1,2026-09-25T01:18:08,unique,5,low,100,120,333,120,7,113,84,113,117,1790266687532,1790266687654,122,983.6,97,7,0,0,0,0,0,0,0.0,ok,
2,2026-09-25-williams-v2-01,a,2026-09-25-williams-v2-01-phase-a,4472ebb50581d14bf201f2ba73c5b520dcbf5a171169a1e2a2c6ec8d92f2c863,williams-10-v1,1,8,8,9,3,2026-09-25T01:18:12,pessimistic,5,low,100,120,334,120,120,0,139,218,225,1790266692267,1790266692502,235,510.6,0,100,0,0,0,0,0,0,0.0,ok,
2,2026-09-25-williams-v2-01,a,2026-09-25-williams-v2-01-phase-a,4472ebb50581d14bf201f2ba73c5b520dcbf5a171169a1e2a2c6ec8d92f2c863,williams-10-v1,1,8,8,10,2,2026-09-25T01:18:18,conditional,5,low,100,120,335,120,120,0,146,222,228,1790266697246,1790266697494,248,483.9,0,100,0,0,0,0,0,0,0.0,ok,
2,2026-09-25-williams-v2-01,a,2026-09-25-williams-v2-01-phase-a,4472ebb50581d14bf201f2ba73c5b520dcbf5a171169a1e2a2c6ec8d92f2c863,williams-10-v1,1,9,9,1,8,2026-09-25T01:18:22,pessimistic,5,extreme,1,200,336,200,200,0,89,126,138,1790266702154,1790266702305,151,1324.5,0,1,0,0,0,0,0,0,0.0,ok,
2,2026-09-25-williams-v2-01,a,2026-09-25-williams-v2-01-phase-a,4472ebb50581d14bf201f2ba73c5b520dcbf5a171169a1e2a2c6ec8d92f2c863,williams-10-v1,1,9,9,2,9,2026-09-25T01:18:28,optimistic,5,extreme,1,200,337,200,200,0,69,101,115,1790266707778,1790266707895,117,1709.4,0,1,0,0,1,0,8,0,1.0,ok,
2,2026-09-25-williams-v2-01,a,2026-09-25-williams-v2-01-phase-a,4472ebb50581d14bf201f2ba73c5b520dcbf5a171169a1e2a2c6ec8d92f2c863,williams-10-v1,1,9,9,3,7,2026-09-25T01:18:33,conditional,5,extreme,1,200,338,200,200,0,117,182,197,1790266712655,1790266712872,217,921.7,0,1,0,0,0,0,0,0,0.0,ok,
2,2026-09-25-williams-v2-01,a,2026-09-25-williams-v2-01-phase-a,4472ebb50581d14bf201f2ba73c5b520dcbf5a171169a1e2a2c6ec8d92f2c863,williams-10-v1,1,9,9,4,0,2026-09-25T01:18:39,baseline,5,low,100,120,339,120,14,106,82,118,125,1790266718508,1790266718648,140,857.1,95,14,0,0,0,0,0,0,0.0,ok,
2,2026-09-25-williams-v2-01,a,2026-09-25-williams-v2-01-phase-a,4472ebb50581d14bf201f2ba73c5b520dcbf5a171169a1e2a2c6ec8d92f2c863,williams-10-v1,1,9,9,5,6,2026-09-25T01:18:44,unique,5,extreme,1,200,340,200,198,2,69,109,116,1790266723486,1790266723627,141,1418.4,0,3,2,0,0,0,0,0,0.0,ok,
2,2026-09-25-williams-v2-01,a,2026-09-25-williams-v2-01-phase-a,4472ebb50581d14bf201f2ba73c5b520dcbf5a171169a1e2a2c6ec8d92f2c863,williams-10-v1,1,9,9,6,1,2026-09-25T01:18:48,unique,5,low,100,120,341,120,6,114,75,94,99,1790266728244,1790266728352,108,1111.1,97,6,0,0,0,0,0,0,0.0,ok,
2,2026-09-25-williams-v2-01,a,2026-09-25-williams-v2-01-phase-a,4472ebb50581d14bf201f2ba73c5b520dcbf5a171169a1e2a2c6ec8d92f2c863,williams-10-v1,1,9,9,7,5,2026-09-25T01:18:54,baseline,5,extreme,1,200,342,200,180,20,79,117,124,1790266733908,1790266734037,129,1550.4,0,2,1,0,0,0,0,0,0.0,ok,
2,2026-09-25-williams-v2-01,a,2026-09-25-williams-v2-01-phase-a,4472ebb50581d14bf201f2ba73c5b520dcbf5a171169a1e2a2c6ec8d92f2c863,williams-10-v1,1,9,9,8,2,2026-09-25T01:19:00,conditional,5,low,100,120,343,120,120,0,130,193,198,1790266739501,1790266739717,216,555.6,0,100,0,0,0,0,0,0,0.0,ok,
2,2026-09-25-williams-v2-01,a,2026-09-25-williams-v2-01-phase-a,4472ebb50581d14bf201f2ba73c5b520dcbf5a171169a1e2a2c6ec8d92f2c863,williams-10-v1,1,9,9,9,4,2026-09-25T01:19:06,optimistic,5,low,100,120,344,120,17,103,251,302,323,1790266745189,1790266745533,344,348.8,83,17,0,0,17,103,562,0,3.76,ok,
2,2026-09-25-williams-v2-01,a,2026-09-25-williams-v2-01-phase-a,4472ebb50581d14bf201f2ba73c5b520dcbf5a171169a1e2a2c6ec8d92f2c863,williams-10-v1,1,9,9,10,3,2026-09-25T01:19:11,pessimistic,5,low,100,120,345,120,120,0,153,222,233,1790266750989,1790266751231,242,495.9,0,100,0,0,0,0,0,0,0.0,ok,
2,2026-09-25-williams-v2-01,a,2026-09-25-williams-v2-01-phase-a,4472ebb50581d14bf201f2ba73c5b520dcbf5a171169a1e2a2c6ec8d92f2c863,williams-10-v1,1,10,10,1,9,2026-09-25T01:19:17,optimistic,5,extreme,1,200,346,200,200,0,79,121,128,1790266756743,1790266756886,143,1398.6,0,1,0,0,1,0,5,0,1.0,ok,
2,2026-09-25-williams-v2-01,a,2026-09-25-williams-v2-01-phase-a,4472ebb50581d14bf201f2ba73c5b520dcbf5a171169a1e2a2c6ec8d92f2c863,williams-10-v1,1,10,10,2,0,2026-09-25T01:19:22,baseline,5,low,100,120,347,120,9,111,72,100,102,1790266761436,1790266761552,116,1034.5,96,9,0,0,0,0,0,0,0.0,ok,
2,2026-09-25-williams-v2-01,a,2026-09-25-williams-v2-01-phase-a,4472ebb50581d14bf201f2ba73c5b520dcbf5a171169a1e2a2c6ec8d92f2c863,williams-10-v1,1,10,10,3,8,2026-09-25T01:19:26,pessimistic,5,extreme,1,200,348,200,200,0,76,114,132,1790266766339,1790266766476,137,1459.9,0,1,0,0,0,0,0,0,0.0,ok,
2,2026-09-25-williams-v2-01,a,2026-09-25-williams-v2-01-phase-a,4472ebb50581d14bf201f2ba73c5b520dcbf5a171169a1e2a2c6ec8d92f2c863,williams-10-v1,1,10,10,4,1,2026-09-25T01:19:31,unique,5,low,100,120,349,120,9,111,77,109,110,1790266771052,1790266771167,115,1043.5,96,9,0,0,0,0,0,0,0.0,ok,
2,2026-09-25-williams-v2-01,a,2026-09-25-williams-v2-01-phase-a,4472ebb50581d14bf201f2ba73c5b520dcbf5a171169a1e2a2c6ec8d92f2c863,williams-10-v1,1,10,10,5,7,2026-09-25T01:19:36,conditional,5,extreme,1,200,350,200,200,0,118,182,197,1790266775912,1790266776120,208,961.5,0,1,0,0,0,0,0,0,0.0,ok,
2,2026-09-25-williams-v2-01,a,2026-09-25-williams-v2-01-phase-a,4472ebb50581d14bf201f2ba73c5b520dcbf5a171169a1e2a2c6ec8d92f2c863,williams-10-v1,1,10,10,6,2,2026-09-25T01:19:42,conditional,5,low,100,120,351,120,120,0,123,195,202,1790266781672,1790266781886,214,560.7,0,100,0,0,0,0,0,0,0.0,ok,
2,2026-09-25-williams-v2-01,a,2026-09-25-williams-v2-01-phase-a,4472ebb50581d14bf201f2ba73c5b520dcbf5a171169a1e2a2c6ec8d92f2c863,williams-10-v1,1,10,10,7,6,2026-09-25T01:19:47,unique,5,extreme,1,200,352,200,187,13,72,106,112,1790266786579,1790266786696,117,1709.4,0,3,2,0,0,0,0,0,0.0,ok,
2,2026-09-25-williams-v2-01,a,2026-09-25-williams-v2-01-phase-a,4472ebb50581d14bf201f2ba73c5b520dcbf5a171169a1e2a2c6ec8d92f2c863,williams-10-v1,1,10,10,8,3,2026-09-25T01:19:52,pessimistic,5,low,100,120,353,120,120,0,139,204,212,1790266792175,1790266792403,228,526.3,0,100,0,0,0,0,0,0,0.0,ok,
2,2026-09-25-williams-v2-01,a,2026-09-25-williams-v2-01-phase-a,4472ebb50581d14bf201f2ba73c5b520dcbf5a171169a1e2a2c6ec8d92f2c863,williams-10-v1,1,10,10,9,5,2026-09-25T01:19:58,baseline,5,extreme,1,200,354,200,195,5,80,108,120,1790266797864,1790266797986,122,1639.3,0,3,2,0,0,0,0,0,0.0,ok,
2,2026-09-25-williams-v2-01,a,2026-09-25-williams-v2-01-phase-a,4472ebb50581d14bf201f2ba73c5b520dcbf5a171169a1e2a2c6ec8d92f2c863,williams-10-v1,1,10,10,10,4,2026-09-25T01:20:03,optimistic,5,low,100,120,355,120,13,107,271,324,334,1790266802825,1790266803172,347,345.8,87,13,0,0,13,107,568,0,3.54,ok,
2,2026-09-25-williams-v2-01,b,2026-09-25-williams-v2-01-phase-b,98150f591c03da90cd76ed7660c4820109bfb1ef38f874a68f1fd6db5cebad76,williams-10-v1,1,1,1,1,0,2026-09-25T01:22:15,baseline,20,low,100,120,366,120,8,112,87,116,119,1790266934786,1790266934919,133,902.3,96,8,0,0,0,0,0,0,0.0,ok,
2,2026-09-25-williams-v2-01,b,2026-09-25-williams-v2-01-phase-b,98150f591c03da90cd76ed7660c4820109bfb1ef38f874a68f1fd6db5cebad76,williams-10-v1,1,1,1,2,1,2026-09-25T01:22:21,unique,20,low,100,120,367,120,11,109,81,101,114,1790266940558,1790266940699,141,851.1,96,11,0,0,0,0,0,0,0.0,ok,
2,2026-09-25-williams-v2-01,b,2026-09-25-williams-v2-01-phase-b,98150f591c03da90cd76ed7660c4820109bfb1ef38f874a68f1fd6db5cebad76,williams-10-v1,1,1,1,3,9,2026-09-25T01:22:27,optimistic,20,extreme,1,200,368,200,200,0,69,106,111,1790266946328,1790266946448,120,1666.7,0,1,0,0,1,0,22,0,1.0,ok,
2,2026-09-25-williams-v2-01,b,2026-09-25-williams-v2-01-phase-b,98150f591c03da90cd76ed7660c4820109bfb1ef38f874a68f1fd6db5cebad76,williams-10-v1,1,1,1,4,2,2026-09-25T01:22:32,conditional,20,low,100,120,369,120,120,0,142,208,218,1790266951228,1790266951456,228,526.3,0,100,0,0,0,0,0,0,0.0,ok,
2,2026-09-25-williams-v2-01,b,2026-09-25-williams-v2-01-phase-b,98150f591c03da90cd76ed7660c4820109bfb1ef38f874a68f1fd6db5cebad76,williams-10-v1,1,1,1,5,8,2026-09-25T01:22:37,pessimistic,20,extreme,1,200,370,200,200,0,97,143,158,1790266956975,1790266957148,173,1156.1,0,1,0,0,0,0,0,0,0.0,ok,
2,2026-09-25-williams-v2-01,b,2026-09-25-williams-v2-01-phase-b,98150f591c03da90cd76ed7660c4820109bfb1ef38f874a68f1fd6db5cebad76,williams-10-v1,1,1,1,6,3,2026-09-25T01:22:42,pessimistic,20,low,100,120,371,120,120,0,134,203,220,1790266962007,1790266962233,226,531.0,0,100,0,0,0,0,0,0,0.0,ok,
2,2026-09-25-williams-v2-01,b,2026-09-25-williams-v2-01-phase-b,98150f591c03da90cd76ed7660c4820109bfb1ef38f874a68f1fd6db5cebad76,williams-10-v1,1,1,1,7,7,2026-09-25T01:22:47,conditional,20,extreme,1,200,372,200,200,0,124,188,204,1790266966984,1790266967204,220,909.1,0,1,0,0,0,0,0,0,0.0,ok,
2,2026-09-25-williams-v2-01,b,2026-09-25-williams-v2-01-phase-b,98150f591c03da90cd76ed7660c4820109bfb1ef38f874a68f1fd6db5cebad76,williams-10-v1,1,1,1,8,4,2026-09-25T01:22:53,optimistic,20,low,100,120,373,120,120,0,461,711,798,1790266971826,1790266972631,805,149.1,0,100,0,0,100,0,728,0,6.6,ok,
2,2026-09-25-williams-v2-01,b,2026-09-25-williams-v2-01-phase-b,98150f591c03da90cd76ed7660c4820109bfb1ef38f874a68f1fd6db5cebad76,williams-10-v1,1,1,1,9,6,2026-09-25T01:22:59,unique,20,extreme,1,200,374,200,184,16,82,115,123,1790266978305,1790266978433,128,1562.5,0,3,2,0,0,0,0,0,0.0,ok,
2,2026-09-25-williams-v2-01,b,2026-09-25-williams-v2-01-phase-b,98150f591c03da90cd76ed7660c4820109bfb1ef38f874a68f1fd6db5cebad76,williams-10-v1,1,1,1,10,5,2026-09-25T01:23:03,baseline,20,extreme,1,200,375,200,189,11,72,104,115,1790266983196,1790266983315,119,1680.7,0,3,2,0,0,0,0,0,0.0,ok,
2,2026-09-25-williams-v2-01,b,2026-09-25-williams-v2-01-phase-b,98150f591c03da90cd76ed7660c4820109bfb1ef38f874a68f1fd6db5cebad76,williams-10-v1,1,2,2,1,1,2026-09-25T01:23:09,unique,20,low,100,120,376,120,10,110,84,117,119,1790266988958,1790266989088,130,923.1,96,10,0,0,0,0,0,0,0.0,ok,
2,2026-09-25-williams-v2-01,b,2026-09-25-williams-v2-01-phase-b,98150f591c03da90cd76ed7660c4820109bfb1ef38f874a68f1fd6db5cebad76,williams-10-v1,1,2,2,2,2,2026-09-25T01:23:15,conditional,20,low,100,120,377,120,120,0,127,199,201,1790266994733,1790266994942,209,574.2,0,100,0,0,0,0,0,0,0.0,ok,
2,2026-09-25-williams-v2-01,b,2026-09-25-williams-v2-01-phase-b,98150f591c03da90cd76ed7660c4820109bfb1ef38f874a68f1fd6db5cebad76,williams-10-v1,1,2,2,3,0,2026-09-25T01:23:21,baseline,20,low,100,120,378,120,5,115,84,103,107,1790267000653,1790267000769,116,1034.5,97,5,0,0,0,0,0,0,0.0,ok,
2,2026-09-25-williams-v2-01,b,2026-09-25-williams-v2-01-phase-b,98150f591c03da90cd76ed7660c4820109bfb1ef38f874a68f1fd6db5cebad76,williams-10-v1,1,2,2,4,3,2026-09-25T01:23:27,pessimistic,20,low,100,120,379,120,120,0,146,216,229,1790267006246,1790267006484,238,504.2,0,100,0,0,0,0,0,0,0.0,ok,
2,2026-09-25-williams-v2-01,b,2026-09-25-williams-v2-01-phase-b,98150f591c03da90cd76ed7660c4820109bfb1ef38f874a68f1fd6db5cebad76,williams-10-v1,1,2,2,5,9,2026-09-25T01:23:32,optimistic,20,extreme,1,200,380,200,200,0,67,95,106,1790267012023,1790267012148,125,1600.0,0,1,0,0,1,0,9,0,1.0,ok,
2,2026-09-25-williams-v2-01,b,2026-09-25-williams-v2-01-phase-b,98150f591c03da90cd76ed7660c4820109bfb1ef38f874a68f1fd6db5cebad76,williams-10-v1,1,2,2,6,4,2026-09-25T01:23:38,optimistic,20,low,100,120,381,120,120,0,488,748,822,1790267016814,1790267017655,841,142.7,0,100,0,0,100,0,733,0,6.67,ok,
2,2026-09-25-williams-v2-01,b,2026-09-25-williams-v2-01-phase-b,98150f591c03da90cd76ed7660c4820109bfb1ef38f874a68f1fd6db5cebad76,williams-10-v1,1,2,2,7,8,2026-09-25T01:23:43,pessimistic,20,extreme,1,200,382,200,200,0,94,140,150,1790267022325,1790267022484,159,1257.9,0,1,0,0,0,0,0,0,0.0,ok,
2,2026-09-25-williams-v2-01,b,2026-09-25-williams-v2-01-phase-b,98150f591c03da90cd76ed7660c4820109bfb1ef38f874a68f1fd6db5cebad76,williams-10-v1,1,2,2,8,5,2026-09-25T01:23:47,baseline,20,extreme,1,200,383,200,191,9,68,103,108,1790267027267,1790267027384,117,1709.4,0,3,2,0,0,0,0,0,0.0,ok,
2,2026-09-25-williams-v2-01,b,2026-09-25-williams-v2-01-phase-b,98150f591c03da90cd76ed7660c4820109bfb1ef38f874a68f1fd6db5cebad76,williams-10-v1,1,2,2,9,7,2026-09-25T01:23:53,conditional,20,extreme,1,200,384,200,200,0,121,178,191,1790267032308,1790267032526,218,917.4,0,1,0,0,0,0,0,0,0.0,ok,
2,2026-09-25-williams-v2-01,b,2026-09-25-williams-v2-01-phase-b,98150f591c03da90cd76ed7660c4820109bfb1ef38f874a68f1fd6db5cebad76,williams-10-v1,1,2,2,10,6,2026-09-25T01:23:57,unique,20,extreme,1,200,385,200,186,14,76,123,133,1790267037191,1790267037331,140,1428.6,0,3,2,0,0,0,0,0,0.0,ok,
2,2026-09-25-williams-v2-01,b,2026-09-25-williams-v2-01-phase-b,98150f591c03da90cd76ed7660c4820109bfb1ef38f874a68f1fd6db5cebad76,williams-10-v1,1,3,3,1,2,2026-09-25T01:24:03,conditional,20,low,100,120,386,120,120,0,124,189,192,1790267042262,1790267042464,202,594.1,0,100,0,0,0,0,0,0,0.0,ok,
2,2026-09-25-williams-v2-01,b,2026-09-25-williams-v2-01-phase-b,98150f591c03da90cd76ed7660c4820109bfb1ef38f874a68f1fd6db5cebad76,williams-10-v1,1,3,3,2,3,2026-09-25T01:24:07,pessimistic,20,low,100,120,387,120,120,0,135,201,214,1790267047006,1790267047232,226,531.0,0,100,0,0,0,0,0,0,0.0,ok,
2,2026-09-25-williams-v2-01,b,2026-09-25-williams-v2-01-phase-b,98150f591c03da90cd76ed7660c4820109bfb1ef38f874a68f1fd6db5cebad76,williams-10-v1,1,3,3,3,1,2026-09-25T01:24:13,unique,20,low,100,120,388,120,9,111,71,104,110,1790267053087,1790267053206,119,1008.4,97,9,0,0,0,0,0,0,0.0,ok,
2,2026-09-25-williams-v2-01,b,2026-09-25-williams-v2-01-phase-b,98150f591c03da90cd76ed7660c4820109bfb1ef38f874a68f1fd6db5cebad76,williams-10-v1,1,3,3,4,4,2026-09-25T01:24:19,optimistic,20,low,100,120,389,120,120,0,488,812,870,1790267057873,1790267058755,882,136.1,0,100,0,0,100,0,740,0,6.67,ok,
2,2026-09-25-williams-v2-01,b,2026-09-25-williams-v2-01-phase-b,98150f591c03da90cd76ed7660c4820109bfb1ef38f874a68f1fd6db5cebad76,williams-10-v1,1,3,3,5,0,2026-09-25T01:24:25,baseline,20,low,100,120,390,120,8,112,78,105,107,1790267064258,1790267064370,112,1071.4,96,8,0,0,0,0,0,0,0.0,ok,
2,2026-09-25-williams-v2-01,b,2026-09-25-williams-v2-01-phase-b,98150f591c03da90cd76ed7660c4820109bfb1ef38f874a68f1fd6db5cebad76,williams-10-v1,1,3,3,6,5,2026-09-25T01:24:29,baseline,20,extreme,1,200,391,200,182,18,78,105,114,1790267068962,1790267069085,123,1626.0,0,3,2,0,0,0,0,0,0.0,ok,
2,2026-09-25-williams-v2-01,b,2026-09-25-williams-v2-01-phase-b,98150f591c03da90cd76ed7660c4820109bfb1ef38f874a68f1fd6db5cebad76,williams-10-v1,1,3,3,7,9,2026-09-25T01:24:35,optimistic,20,extreme,1,200,392,200,200,0,76,115,130,1790267074747,1790267074882,135,1481.5,0,1,0,0,1,0,4,0,1.0,ok,
2,2026-09-25-williams-v2-01,b,2026-09-25-williams-v2-01-phase-b,98150f591c03da90cd76ed7660c4820109bfb1ef38f874a68f1fd6db5cebad76,williams-10-v1,1,3,3,8,6,2026-09-25T01:24:40,unique,20,extreme,1,200,393,200,190,10,84,121,128,1790267079970,1790267080106,136,1470.6,0,3,2,0,0,0,0,0,0.0,ok,
2,2026-09-25-williams-v2-01,b,2026-09-25-williams-v2-01-phase-b,98150f591c03da90cd76ed7660c4820109bfb1ef38f874a68f1fd6db5cebad76,williams-10-v1,1,3,3,9,8,2026-09-25T01:24:46,pessimistic,20,extreme,1,200,394,200,200,0,97,140,151,1790267085662,1790267085820,158,1265.8,0,1,0,0,0,0,0,0,0.0,ok,
2,2026-09-25-williams-v2-01,b,2026-09-25-williams-v2-01-phase-b,98150f591c03da90cd76ed7660c4820109bfb1ef38f874a68f1fd6db5cebad76,williams-10-v1,1,3,3,10,7,2026-09-25T01:24:51,conditional,20,extreme,1,200,395,200,200,0,114,186,192,1790267090453,1790267090671,218,917.4,0,1,0,0,0,0,0,0,0.0,ok,
2,2026-09-25-williams-v2-01,b,2026-09-25-williams-v2-01-phase-b,98150f591c03da90cd76ed7660c4820109bfb1ef38f874a68f1fd6db5cebad76,williams-10-v1,1,4,4,1,3,2026-09-25T01:24:57,pessimistic,20,low,100,120,396,120,120,0,136,209,216,1790267096243,1790267096472,229,524.0,0,100,0,0,0,0,0,0,0.0,ok,
2,2026-09-25-williams-v2-01,b,2026-09-25-williams-v2-01-phase-b,98150f591c03da90cd76ed7660c4820109bfb1ef38f874a68f1fd6db5cebad76,williams-10-v1,1,4,4,2,4,2026-09-25T01:25:03,optimistic,20,low,100,120,397,120,120,0,531,842,897,1790267102203,1790267103117,914,131.3,0,100,0,0,100,0,778,0,7.1,ok,
2,2026-09-25-williams-v2-01,b,2026-09-25-williams-v2-01-phase-b,98150f591c03da90cd76ed7660c4820109bfb1ef38f874a68f1fd6db5cebad76,williams-10-v1,1,4,4,3,2,2026-09-25T01:25:09,conditional,20,low,100,120,398,120,120,0,126,189,203,1790267108957,1790267109166,209,574.2,0,100,0,0,0,0,0,0,0.0,ok,
2,2026-09-25-williams-v2-01,b,2026-09-25-williams-v2-01-phase-b,98150f591c03da90cd76ed7660c4820109bfb1ef38f874a68f1fd6db5cebad76,williams-10-v1,1,4,4,4,5,2026-09-25T01:25:15,baseline,20,extreme,1,200,399,200,186,14,79,117,127,1790267114778,1790267114913,135,1481.5,0,3,2,0,0,0,0,0,0.0,ok,
2,2026-09-25-williams-v2-01,b,2026-09-25-williams-v2-01-phase-b,98150f591c03da90cd76ed7660c4820109bfb1ef38f874a68f1fd6db5cebad76,williams-10-v1,1,4,4,5,1,2026-09-25T01:25:20,unique,20,low,100,120,400,120,9,111,75,100,111,1790267119786,1790267119906,120,1000.0,96,9,0,0,0,0,0,0,0.0,ok,
2,2026-09-25-williams-v2-01,b,2026-09-25-williams-v2-01-phase-b,98150f591c03da90cd76ed7660c4820109bfb1ef38f874a68f1fd6db5cebad76,williams-10-v1,1,4,4,6,6,2026-09-25T01:25:26,unique,20,extreme,1,200,401,200,195,5,72,110,119,1790267125514,1790267125642,128,1562.5,0,2,1,0,0,0,0,0,0.0,ok,
2,2026-09-25-williams-v2-01,b,2026-09-25-williams-v2-01-phase-b,98150f591c03da90cd76ed7660c4820109bfb1ef38f874a68f1fd6db5cebad76,williams-10-v1,1,4,4,7,0,2026-09-25T01:25:31,baseline,20,low,100,120,402,120,7,113,75,93,102,1790267131209,1790267131319,110,1090.9,97,7,0,0,0,0,0,0,0.0,ok,
2,2026-09-25-williams-v2-01,b,2026-09-25-williams-v2-01-phase-b,98150f591c03da90cd76ed7660c4820109bfb1ef38f874a68f1fd6db5cebad76,williams-10-v1,1,4,4,8,7,2026-09-25T01:25:37,conditional,20,extreme,1,200,403,200,200,0,109,161,178,1790267136823,1790267137029,206,970.9,0,1,0,0,0,0,0,0,0.0,ok,
2,2026-09-25-williams-v2-01,b,2026-09-25-williams-v2-01-phase-b,98150f591c03da90cd76ed7660c4820109bfb1ef38f874a68f1fd6db5cebad76,williams-10-v1,1,4,4,9,9,2026-09-25T01:25:42,optimistic,20,extreme,1,200,404,200,200,0,76,104,113,1790267141693,1790267141811,118,1694.9,0,1,0,0,1,0,16,0,1.0,ok,
2,2026-09-25-williams-v2-01,b,2026-09-25-williams-v2-01-phase-b,98150f591c03da90cd76ed7660c4820109bfb1ef38f874a68f1fd6db5cebad76,williams-10-v1,1,4,4,10,8,2026-09-25T01:25:48,pessimistic,20,extreme,1,200,405,200,200,0,102,149,166,1790267147546,1790267147721,175,1142.9,0,1,0,0,0,0,0,0,0.0,ok,
2,2026-09-25-williams-v2-01,b,2026-09-25-williams-v2-01-phase-b,98150f591c03da90cd76ed7660c4820109bfb1ef38f874a68f1fd6db5cebad76,williams-10-v1,1,5,5,1,4,2026-09-25T01:25:53,optimistic,20,low,100,120,406,120,120,0,486,764,870,1790267152375,1790267153260,885,135.6,0,100,0,0,100,0,756,0,6.85,ok,
2,2026-09-25-williams-v2-01,b,2026-09-25-williams-v2-01-phase-b,98150f591c03da90cd76ed7660c4820109bfb1ef38f874a68f1fd6db5cebad76,williams-10-v1,1,5,5,2,5,2026-09-25T01:25:58,baseline,20,extreme,1,200,407,200,187,13,71,105,114,1790267157853,1790267157982,129,1550.4,0,3,2,0,0,0,0,0,0.0,ok,
2,2026-09-25-williams-v2-01,b,2026-09-25-williams-v2-01-phase-b,98150f591c03da90cd76ed7660c4820109bfb1ef38f874a68f1fd6db5cebad76,williams-10-v1,1,5,5,3,3,2026-09-25T01:26:03,pessimistic,20,low,100,120,408,120,120,0,140,223,233,1790267162564,1790267162799,235,510.6,0,100,0,0,0,0,0,0,0.0,ok,
2,2026-09-25-williams-v2-01,b,2026-09-25-williams-v2-01-phase-b,98150f591c03da90cd76ed7660c4820109bfb1ef38f874a68f1fd6db5cebad76,williams-10-v1,1,5,5,4,6,2026-09-25T01:26:08,unique,20,extreme,1,200,409,200,189,11,80,116,121,1790267167524,1790267167650,126,1587.3,0,3,2,0,0,0,0,0,0.0,ok,
2,2026-09-25-williams-v2-01,b,2026-09-25-williams-v2-01-phase-b,98150f591c03da90cd76ed7660c4820109bfb1ef38f874a68f1fd6db5cebad76,williams-10-v1,1,5,5,5,2,2026-09-25T01:26:14,conditional,20,low,100,120,410,120,120,0,126,200,203,1790267173313,1790267173524,211,568.7,0,100,0,0,0,0,0,0,0.0,ok,
2,2026-09-25-williams-v2-01,b,2026-09-25-williams-v2-01-phase-b,98150f591c03da90cd76ed7660c4820109bfb1ef38f874a68f1fd6db5cebad76,williams-10-v1,1,5,5,6,7,2026-09-25T01:26:19,conditional,20,extreme,1,200,411,200,200,0,117,188,197,1790267178231,1790267178439,208,961.5,0,1,0,0,0,0,0,0,0.0,ok,
2,2026-09-25-williams-v2-01,b,2026-09-25-williams-v2-01-phase-b,98150f591c03da90cd76ed7660c4820109bfb1ef38f874a68f1fd6db5cebad76,williams-10-v1,1,5,5,7,1,2026-09-25T01:26:24,unique,20,low,100,120,412,120,5,115,77,94,98,1790267183407,1790267183512,105,1142.9,98,5,0,0,0,0,0,0,0.0,ok,
2,2026-09-25-williams-v2-01,b,2026-09-25-williams-v2-01-phase-b,98150f591c03da90cd76ed7660c4820109bfb1ef38f874a68f1fd6db5cebad76,williams-10-v1,1,5,5,8,8,2026-09-25T01:26:29,pessimistic,20,extreme,1,200,413,200,200,0,87,125,139,1790267188415,1790267188570,155,1290.3,0,1,0,0,0,0,0,0,0.0,ok,
2,2026-09-25-williams-v2-01,b,2026-09-25-williams-v2-01-phase-b,98150f591c03da90cd76ed7660c4820109bfb1ef38f874a68f1fd6db5cebad76,williams-10-v1,1,5,5,9,0,2026-09-25T01:26:34,baseline,20,low,100,120,414,120,8,112,70,99,102,1790267193231,1790267193342,111,1081.1,97,8,0,0,0,0,0,0,0.0,ok,
2,2026-09-25-williams-v2-01,b,2026-09-25-williams-v2-01-phase-b,98150f591c03da90cd76ed7660c4820109bfb1ef38f874a68f1fd6db5cebad76,williams-10-v1,1,5,5,10,9,2026-09-25T01:26:39,optimistic,20,extreme,1,200,415,200,200,0,78,114,133,1790267199000,1790267199137,137,1459.9,0,1,0,0,1,0,13,0,1.0,ok,
2,2026-09-25-williams-v2-01,b,2026-09-25-williams-v2-01-phase-b,98150f591c03da90cd76ed7660c4820109bfb1ef38f874a68f1fd6db5cebad76,williams-10-v1,1,6,6,1,5,2026-09-25T01:26:45,baseline,20,extreme,1,200,416,200,187,13,64,94,103,1790267204804,1790267204922,118,1694.9,0,3,2,0,0,0,0,0,0.0,ok,
2,2026-09-25-williams-v2-01,b,2026-09-25-williams-v2-01-phase-b,98150f591c03da90cd76ed7660c4820109bfb1ef38f874a68f1fd6db5cebad76,williams-10-v1,1,6,6,2,6,2026-09-25T01:26:50,unique,20,extreme,1,200,417,200,188,12,76,107,111,1790267209711,1790267209832,121,1652.9,0,3,2,0,0,0,0,0,0.0,ok,
2,2026-09-25-williams-v2-01,b,2026-09-25-williams-v2-01-phase-b,98150f591c03da90cd76ed7660c4820109bfb1ef38f874a68f1fd6db5cebad76,williams-10-v1,1,6,6,3,4,2026-09-25T01:26:56,optimistic,20,low,100,120,418,120,120,0,495,797,838,1790267215443,1790267216283,840,142.9,0,100,0,0,100,0,736,0,6.73,ok,
2,2026-09-25-williams-v2-01,b,2026-09-25-williams-v2-01-phase-b,98150f591c03da90cd76ed7660c4820109bfb1ef38f874a68f1fd6db5cebad76,williams-10-v1,1,6,6,4,7,2026-09-25T01:27:01,conditional,20,extreme,1,200,419,200,200,0,135,207,223,1790267221038,1790267221281,243,823.0,0,1,0,0,0,0,0,0,0.0,ok,
2,2026-09-25-williams-v2-01,b,2026-09-25-williams-v2-01-phase-b,98150f591c03da90cd76ed7660c4820109bfb1ef38f874a68f1fd6db5cebad76,williams-10-v1,1,6,6,5,3,2026-09-25T01:27:07,pessimistic,20,low,100,120,420,120,120,0,141,214,233,1790267226192,1790267226440,248,483.9,0,100,0,0,0,0,0,0,0.0,ok,
2,2026-09-25-williams-v2-01,b,2026-09-25-williams-v2-01-phase-b,98150f591c03da90cd76ed7660c4820109bfb1ef38f874a68f1fd6db5cebad76,williams-10-v1,1,6,6,6,8,2026-09-25T01:27:12,pessimistic,20,extreme,1,200,421,200,200,0,107,142,161,1790267232038,1790267232239,201,995.0,0,1,0,0,0,0,0,0,0.0,ok,
2,2026-09-25-williams-v2-01,b,2026-09-25-williams-v2-01-phase-b,98150f591c03da90cd76ed7660c4820109bfb1ef38f874a68f1fd6db5cebad76,williams-10-v1,1,6,6,7,2,2026-09-25T01:27:18,conditional,20,low,100,120,422,120,120,0,126,192,201,1790267237117,1790267237332,215,558.1,0,100,0,0,0,0,0,0,0.0,ok,
2,2026-09-25-williams-v2-01,b,2026-09-25-williams-v2-01-phase-b,98150f591c03da90cd76ed7660c4820109bfb1ef38f874a68f1fd6db5cebad76,williams-10-v1,1,6,6,8,9,2026-09-25T01:27:22,optimistic,20,extreme,1,200,423,200,200,0,70,98,103,1790267241977,1790267242085,108,1851.9,0,1,0,0,1,0,11,0,1.0,ok,
2,2026-09-25-williams-v2-01,b,2026-09-25-williams-v2-01-phase-b,98150f591c03da90cd76ed7660c4820109bfb1ef38f874a68f1fd6db5cebad76,williams-10-v1,1,6,6,9,1,2026-09-25T01:27:27,unique,20,low,100,120,424,120,8,112,77,102,107,1790267246857,1790267246970,113,1061.9,97,8,0,0,0,0,0,0,0.0,ok,
2,2026-09-25-williams-v2-01,b,2026-09-25-williams-v2-01-phase-b,98150f591c03da90cd76ed7660c4820109bfb1ef38f874a68f1fd6db5cebad76,williams-10-v1,1,6,6,10,0,2026-09-25T01:27:33,baseline,20,low,100,120,425,120,6,114,77,100,113,1790267252660,1790267252777,117,1025.6,97,6,0,0,0,0,0,0,0.0,ok,
2,2026-09-25-williams-v2-01,b,2026-09-25-williams-v2-01-phase-b,98150f591c03da90cd76ed7660c4820109bfb1ef38f874a68f1fd6db5cebad76,williams-10-v1,1,7,7,1,6,2026-09-25T01:27:39,unique,20,extreme,1,200,426,200,183,17,92,125,134,1790267258443,1790267258586,143,1398.6,0,3,2,0,0,0,0,0,0.0,ok,
2,2026-09-25-williams-v2-01,b,2026-09-25-williams-v2-01-phase-b,98150f591c03da90cd76ed7660c4820109bfb1ef38f874a68f1fd6db5cebad76,williams-10-v1,1,7,7,2,7,2026-09-25T01:27:45,conditional,20,extreme,1,200,427,200,200,0,129,192,203,1790267264203,1790267264450,247,809.7,0,1,0,0,0,0,0,0,0.0,ok,
2,2026-09-25-williams-v2-01,b,2026-09-25-williams-v2-01-phase-b,98150f591c03da90cd76ed7660c4820109bfb1ef38f874a68f1fd6db5cebad76,williams-10-v1,1,7,7,3,5,2026-09-25T01:27:50,baseline,20,extreme,1,200,428,200,188,12,77,105,108,1790267269439,1790267269557,118,1694.9,0,2,1,0,0,0,0,0,0.0,ok,
2,2026-09-25-williams-v2-01,b,2026-09-25-williams-v2-01-phase-b,98150f591c03da90cd76ed7660c4820109bfb1ef38f874a68f1fd6db5cebad76,williams-10-v1,1,7,7,4,8,2026-09-25T01:27:55,pessimistic,20,extreme,1,200,429,200,200,0,98,140,162,1790267274335,1790267274506,171,1169.6,0,1,0,0,0,0,0,0,0.0,ok,
2,2026-09-25-williams-v2-01,b,2026-09-25-williams-v2-01-phase-b,98150f591c03da90cd76ed7660c4820109bfb1ef38f874a68f1fd6db5cebad76,williams-10-v1,1,7,7,5,4,2026-09-25T01:28:01,optimistic,20,low,100,120,430,120,120,0,477,798,844,1790267280175,1790267281038,863,139.0,0,100,0,0,100,0,736,0,6.76,ok,
2,2026-09-25-williams-v2-01,b,2026-09-25-williams-v2-01-phase-b,98150f591c03da90cd76ed7660c4820109bfb1ef38f874a68f1fd6db5cebad76,williams-10-v1,1,7,7,6,9,2026-09-25T01:28:07,optimistic,20,extreme,1,200,431,200,200,0,72,101,110,1790267286764,1790267286883,119,1680.7,0,1,0,0,1,0,21,0,1.0,ok,
2,2026-09-25-williams-v2-01,b,2026-09-25-williams-v2-01-phase-b,98150f591c03da90cd76ed7660c4820109bfb1ef38f874a68f1fd6db5cebad76,williams-10-v1,1,7,7,7,3,2026-09-25T01:28:13,pessimistic,20,low,100,120,432,120,120,0,138,211,215,1790267292518,1790267292745,227,528.6,0,100,0,0,0,0,0,0,0.0,ok,
2,2026-09-25-williams-v2-01,b,2026-09-25-williams-v2-01-phase-b,98150f591c03da90cd76ed7660c4820109bfb1ef38f874a68f1fd6db5cebad76,williams-10-v1,1,7,7,8,0,2026-09-25T01:28:19,baseline,20,low,100,120,433,120,12,108,74,111,121,1790267298446,1790267298583,137,875.9,94,12,0,0,0,0,0,0,0.0,ok,
2,2026-09-25-williams-v2-01,b,2026-09-25-williams-v2-01-phase-b,98150f591c03da90cd76ed7660c4820109bfb1ef38f874a68f1fd6db5cebad76,williams-10-v1,1,7,7,9,2,2026-09-25T01:28:24,conditional,20,low,100,120,434,120,120,0,121,185,195,1790267303452,1790267303671,219,547.9,0,100,0,0,0,0,0,0,0.0,ok,
2,2026-09-25-williams-v2-01,b,2026-09-25-williams-v2-01-phase-b,98150f591c03da90cd76ed7660c4820109bfb1ef38f874a68f1fd6db5cebad76,williams-10-v1,1,7,7,10,1,2026-09-25T01:28:29,unique,20,low,100,120,435,120,6,114,83,100,103,1790267308548,1790267308665,117,1025.6,97,6,0,0,0,0,0,0,0.0,ok,
2,2026-09-25-williams-v2-01,b,2026-09-25-williams-v2-01-phase-b,98150f591c03da90cd76ed7660c4820109bfb1ef38f874a68f1fd6db5cebad76,williams-10-v1,1,8,8,1,7,2026-09-25T01:28:34,conditional,20,extreme,1,200,436,200,200,0,114,162,184,1790267313477,1790267313691,214,934.6,0,1,0,0,0,0,0,0,0.0,ok,
2,2026-09-25-williams-v2-01,b,2026-09-25-williams-v2-01-phase-b,98150f591c03da90cd76ed7660c4820109bfb1ef38f874a68f1fd6db5cebad76,williams-10-v1,1,8,8,2,8,2026-09-25T01:28:39,pessimistic,20,extreme,1,200,437,200,200,0,137,187,207,1790267318378,1790267318606,228,877.2,0,1,0,0,0,0,0,0,0.0,ok,
2,2026-09-25-williams-v2-01,b,2026-09-25-williams-v2-01-phase-b,98150f591c03da90cd76ed7660c4820109bfb1ef38f874a68f1fd6db5cebad76,williams-10-v1,1,8,8,3,6,2026-09-25T01:28:44,unique,20,extreme,1,200,438,200,191,9,72,113,123,1790267323484,1790267323621,137,1459.9,0,2,1,0,0,0,0,0,0.0,ok,
2,2026-09-25-williams-v2-01,b,2026-09-25-williams-v2-01-phase-b,98150f591c03da90cd76ed7660c4820109bfb1ef38f874a68f1fd6db5cebad76,williams-10-v1,1,8,8,4,9,2026-09-25T01:28:50,optimistic,20,extreme,1,200,439,200,200,0,64,97,105,1790267329216,1790267329331,115,1739.1,0,1,0,0,1,0,8,0,1.0,ok,
2,2026-09-25-williams-v2-01,b,2026-09-25-williams-v2-01-phase-b,98150f591c03da90cd76ed7660c4820109bfb1ef38f874a68f1fd6db5cebad76,williams-10-v1,1,8,8,5,5,2026-09-25T01:28:55,baseline,20,extreme,1,200,440,200,166,34,89,117,129,1790267334992,1790267335126,134,1492.5,0,3,2,0,0,0,0,0,0.0,ok,
2,2026-09-25-williams-v2-01,b,2026-09-25-williams-v2-01-phase-b,98150f591c03da90cd76ed7660c4820109bfb1ef38f874a68f1fd6db5cebad76,williams-10-v1,1,8,8,6,0,2026-09-25T01:29:01,baseline,20,low,100,120,441,120,10,110,85,129,131,1790267340738,1790267340880,142,845.1,95,10,0,0,0,0,0,0,0.0,ok,
2,2026-09-25-williams-v2-01,b,2026-09-25-williams-v2-01-phase-b,98150f591c03da90cd76ed7660c4820109bfb1ef38f874a68f1fd6db5cebad76,williams-10-v1,1,8,8,7,4,2026-09-25T01:29:07,optimistic,20,low,100,120,442,120,120,0,475,768,882,1790267345767,1790267346656,889,135.0,0,100,0,0,100,0,751,0,6.82,ok,
2,2026-09-25-williams-v2-01,b,2026-09-25-williams-v2-01-phase-b,98150f591c03da90cd76ed7660c4820109bfb1ef38f874a68f1fd6db5cebad76,williams-10-v1,1,8,8,8,1,2026-09-25T01:29:13,unique,20,low,100,120,443,120,10,110,87,119,124,1790267352291,1790267352427,136,882.4,95,10,0,0,0,0,0,0,0.0,ok,
2,2026-09-25-williams-v2-01,b,2026-09-25-williams-v2-01-phase-b,98150f591c03da90cd76ed7660c4820109bfb1ef38f874a68f1fd6db5cebad76,williams-10-v1,1,8,8,9,3,2026-09-25T01:29:19,pessimistic,20,low,100,120,444,120,120,0,144,219,228,1790267358049,1790267358284,235,510.6,0,100,0,0,0,0,0,0,0.0,ok,
2,2026-09-25-williams-v2-01,b,2026-09-25-williams-v2-01-phase-b,98150f591c03da90cd76ed7660c4820109bfb1ef38f874a68f1fd6db5cebad76,williams-10-v1,1,8,8,10,2,2026-09-25T01:29:25,conditional,20,low,100,120,445,120,120,0,137,206,212,1790267364055,1790267364279,224,535.7,0,100,0,0,0,0,0,0,0.0,ok,
2,2026-09-25-williams-v2-01,b,2026-09-25-williams-v2-01-phase-b,98150f591c03da90cd76ed7660c4820109bfb1ef38f874a68f1fd6db5cebad76,williams-10-v1,1,9,9,1,8,2026-09-25T01:29:30,pessimistic,20,extreme,1,200,446,200,200,0,98,136,150,1790267369232,1790267369397,165,1212.1,0,1,0,0,0,0,0,0,0.0,ok,
2,2026-09-25-williams-v2-01,b,2026-09-25-williams-v2-01-phase-b,98150f591c03da90cd76ed7660c4820109bfb1ef38f874a68f1fd6db5cebad76,williams-10-v1,1,9,9,2,9,2026-09-25T01:29:35,optimistic,20,extreme,1,200,447,200,200,0,74,103,119,1790267375081,1790267375205,124,1612.9,0,1,0,0,1,0,13,0,1.0,ok,
2,2026-09-25-williams-v2-01,b,2026-09-25-williams-v2-01-phase-b,98150f591c03da90cd76ed7660c4820109bfb1ef38f874a68f1fd6db5cebad76,williams-10-v1,1,9,9,3,7,2026-09-25T01:29:41,conditional,20,extreme,1,200,448,200,200,0,142,209,229,1790267380919,1790267381161,242,826.4,0,1,0,0,0,0,0,0,0.0,ok,
2,2026-09-25-williams-v2-01,b,2026-09-25-williams-v2-01-phase-b,98150f591c03da90cd76ed7660c4820109bfb1ef38f874a68f1fd6db5cebad76,williams-10-v1,1,9,9,4,0,2026-09-25T01:29:47,baseline,20,low,100,120,449,120,6,114,85,109,113,1790267386895,1790267387012,117,1025.6,98,6,0,0,0,0,0,0,0.0,ok,
2,2026-09-25-williams-v2-01,b,2026-09-25-williams-v2-01-phase-b,98150f591c03da90cd76ed7660c4820109bfb1ef38f874a68f1fd6db5cebad76,williams-10-v1,1,9,9,5,6,2026-09-25T01:29:53,unique,20,extreme,1,200,450,200,183,17,84,120,132,1790267392653,1790267392795,142,1408.5,0,3,2,0,0,0,0,0,0.0,ok,
2,2026-09-25-williams-v2-01,b,2026-09-25-williams-v2-01-phase-b,98150f591c03da90cd76ed7660c4820109bfb1ef38f874a68f1fd6db5cebad76,williams-10-v1,1,9,9,6,1,2026-09-25T01:29:59,unique,20,low,100,120,451,120,4,116,86,105,109,1790267398424,1790267398542,118,1016.9,98,4,0,0,0,0,0,0,0.0,ok,
2,2026-09-25-williams-v2-01,b,2026-09-25-williams-v2-01-phase-b,98150f591c03da90cd76ed7660c4820109bfb1ef38f874a68f1fd6db5cebad76,williams-10-v1,1,9,9,7,5,2026-09-25T01:30:04,baseline,20,extreme,1,200,452,200,185,15,80,108,120,1790267403309,1790267403436,127,1574.8,0,3,2,0,0,0,0,0,0.0,ok,
2,2026-09-25-williams-v2-01,b,2026-09-25-williams-v2-01-phase-b,98150f591c03da90cd76ed7660c4820109bfb1ef38f874a68f1fd6db5cebad76,williams-10-v1,1,9,9,8,2,2026-09-25T01:30:09,conditional,20,low,100,120,453,120,120,0,131,193,209,1790267408347,1790267408563,216,555.6,0,100,0,0,0,0,0,0,0.0,ok,
2,2026-09-25-williams-v2-01,b,2026-09-25-williams-v2-01-phase-b,98150f591c03da90cd76ed7660c4820109bfb1ef38f874a68f1fd6db5cebad76,williams-10-v1,1,9,9,9,4,2026-09-25T01:30:15,optimistic,20,low,100,120,454,120,120,0,480,752,830,1790267414137,1790267414983,846,141.8,0,100,0,0,100,0,732,0,6.6,ok,
2,2026-09-25-williams-v2-01,b,2026-09-25-williams-v2-01-phase-b,98150f591c03da90cd76ed7660c4820109bfb1ef38f874a68f1fd6db5cebad76,williams-10-v1,1,9,9,10,3,2026-09-25T01:30:21,pessimistic,20,low,100,120,455,120,120,0,140,209,214,1790267420690,1790267420930,240,500.0,0,100,0,0,0,0,0,0,0.0,ok,
2,2026-09-25-williams-v2-01,b,2026-09-25-williams-v2-01-phase-b,98150f591c03da90cd76ed7660c4820109bfb1ef38f874a68f1fd6db5cebad76,williams-10-v1,1,10,10,1,9,2026-09-25T01:30:27,optimistic,20,extreme,1,200,456,200,200,0,81,117,130,1790267426763,1790267426895,132,1515.2,0,1,0,0,1,0,12,0,1.0,ok,
2,2026-09-25-williams-v2-01,b,2026-09-25-williams-v2-01-phase-b,98150f591c03da90cd76ed7660c4820109bfb1ef38f874a68f1fd6db5cebad76,williams-10-v1,1,10,10,2,0,2026-09-25T01:30:32,baseline,20,low,100,120,457,120,11,109,78,107,112,1790267431731,1790267431856,125,960.0,95,11,0,0,0,0,0,0,0.0,ok,
2,2026-09-25-williams-v2-01,b,2026-09-25-williams-v2-01-phase-b,98150f591c03da90cd76ed7660c4820109bfb1ef38f874a68f1fd6db5cebad76,williams-10-v1,1,10,10,3,8,2026-09-25T01:30:38,pessimistic,20,extreme,1,200,458,200,200,0,91,126,142,1790267437544,1790267437697,153,1307.2,0,1,0,0,0,0,0,0,0.0,ok,
2,2026-09-25-williams-v2-01,b,2026-09-25-williams-v2-01-phase-b,98150f591c03da90cd76ed7660c4820109bfb1ef38f874a68f1fd6db5cebad76,williams-10-v1,1,10,10,4,1,2026-09-25T01:30:43,unique,20,low,100,120,459,120,8,112,83,113,119,1790267442638,1790267442764,126,952.4,96,8,0,0,0,0,0,0,0.0,ok,
2,2026-09-25-williams-v2-01,b,2026-09-25-williams-v2-01-phase-b,98150f591c03da90cd76ed7660c4820109bfb1ef38f874a68f1fd6db5cebad76,williams-10-v1,1,10,10,5,7,2026-09-25T01:30:48,conditional,20,extreme,1,200,460,200,200,0,128,191,211,1790267447507,1790267447732,225,888.9,0,1,0,0,0,0,0,0,0.0,ok,
2,2026-09-25-williams-v2-01,b,2026-09-25-williams-v2-01-phase-b,98150f591c03da90cd76ed7660c4820109bfb1ef38f874a68f1fd6db5cebad76,williams-10-v1,1,10,10,6,2,2026-09-25T01:30:54,conditional,20,low,100,120,461,120,120,0,119,180,187,1790267453464,1790267453674,210,571.4,0,100,0,0,0,0,0,0,0.0,ok,
2,2026-09-25-williams-v2-01,b,2026-09-25-williams-v2-01-phase-b,98150f591c03da90cd76ed7660c4820109bfb1ef38f874a68f1fd6db5cebad76,williams-10-v1,1,10,10,7,6,2026-09-25T01:30:59,unique,20,extreme,1,200,462,200,188,12,72,110,125,1790267458491,1790267458624,133,1503.8,0,3,2,0,0,0,0,0,0.0,ok,
2,2026-09-25-williams-v2-01,b,2026-09-25-williams-v2-01-phase-b,98150f591c03da90cd76ed7660c4820109bfb1ef38f874a68f1fd6db5cebad76,williams-10-v1,1,10,10,8,3,2026-09-25T01:31:04,pessimistic,20,low,100,120,463,120,120,0,166,308,309,1790267463452,1790267463777,325,369.2,0,100,0,0,0,0,0,0,0.0,ok,
2,2026-09-25-williams-v2-01,b,2026-09-25-williams-v2-01-phase-b,98150f591c03da90cd76ed7660c4820109bfb1ef38f874a68f1fd6db5cebad76,williams-10-v1,1,10,10,9,5,2026-09-25T01:31:10,baseline,20,extreme,1,200,464,200,199,1,74,109,115,1790267469600,1790267469717,117,1709.4,0,2,1,0,0,0,0,0,0.0,ok,
2,2026-09-25-williams-v2-01,b,2026-09-25-williams-v2-01-phase-b,98150f591c03da90cd76ed7660c4820109bfb1ef38f874a68f1fd6db5cebad76,williams-10-v1,1,10,10,10,4,2026-09-25T01:31:16,optimistic,20,low,100,120,465,120,120,0,479,780,853,1790267474775,1790267475632,857,140.0,0,100,0,0,100,0,741,0,6.66,ok,
